Title,Rating,Voting,Duration,Genre
Wicked,7.5,160000,160,Musical
Mufasa: The Lion King,6.6,66000,118,Musical
Moana 2,6.6,104000,100,Musical
Better Man,7.6,28000,135,Musical
Joker: Folie à Deux,5.2,161000,138,Musical
Emilia Pérez,5.4,89000,132,Musical
Mean Girls,5.5,37000,112,Musical
The End,5.5,2000,148,Musical
Descendants: The Rise of Red,4.7,7100,91,Musical
Spellbound,5.5,7500,109,Musical
Spermageddon,5.7,848,80,Musical
Piece by Piece,6.9,5500,93,Musical
Thelma the Unicorn,5.7,3000,93,Musical
This Is Me... Now,4.1,7200,65,Musical
The Merry Gentlemen,4.8,10000,87,Musical
The Opera!,6.4,104,106,Musical
Bonnie and Clyde: The Musical,7.6,101,150,Musical
Queens of Drama,6.3,203,114,Musical
The Deb,7.5,72,121,Musical
The Night Before Christmas in Wonderland,6.3,521,80,Musical
Girl from the North Country,7.3,25,152,Musical
How Could I Live Without You?,6.9,1000,105,Musical
Joli joli,5.6,112,116,Musical
Noah's Ark,4.3,671,96,Musical
Chainsaws Were Singing,7.2,374,117,Musical
Fox & Hare Save the Forest,5.9,204,71,Musical
Dongeng Sang Kancil,6.8,185,99,Musical
Gaga Chromatica Ball,8.1,2000,117,Musical
My Favourite Things: The Rodgers & Hammerstein 80th Anniversary Concert,7.8,67,0,Musical
Victory,6.4,299,120,Musical
O Melhor Amigo,7.3,69,96,Musical
First Nights at Freddy's,9.3,16,98,Musical
Varshangalkku Shesham,6.6,4200,166,Musical
Trapezium,6.3,158,102,Musical
Polvo serán,6.7,297,106,Musical
Heart Strings,5.8,11,107,Musical
Carol,8.3,48,115,Musical
Krispy Rishtey,6.5,70,133,Musical
Shannon Matthews the Musical the Movie,7.5,199,91,Musical
Captain Avispa,5.8,179,96,Musical
"Kiss Me, Kate: The Musical",7.7,28,161,Musical
Dans la cuisine des Nguyen,7.2,73,99,Musical
Sisters and Neighbors!,6.5,190,105,Musical
Kajolrekha,6.3,177,156,Musical
Benjamin Bat,7.8,32,75,Musical
Isang himala,7.1,30,145,Musical
Shahid,6.5,84,84,Musical
Amaltash,8.1,151,113,Musical
Petta Rap,3.8,1700,123,Musical
Eating Me Up,8.1,295,104,Musical
Ya Boy Kongming! Road to Summer Sonia,7.4,40,119,Musical
The Good Loan Sharks,5.0,75,122,Musical
Bring on the Damned!,7.6,6,114,Musical
Under Streetlights,9.1,16,90,Musical
Zhi Ci Qing Lv,6.7,49,89,Musical
Pattaapakal,2.7,221,104,Musical
Nature Cat's Nature Movie Special Extraordinaire,7.3,19,53,Musical
Hov1 4-ever,6.4,73,92,Musical
Solo Town,6.4,25,103,Musical
The Clashing Elements: Saviors of the Multiverse,7.2,9,91,Musical
Mezhdu nami leto,5.7,56,113,Musical
Call Me Agnes,6.8,17,94,Musical
Iyus Jenius,9.0,8,82,Musical
Peaceful Lights,9.6,19,86,Musical
Rangde,7.4,8,143,Musical
Keo=peul-ji-ok,5.3,7,94,Musical
"Bryson, the Demon Slayer",4.5,12,59,Musical
El musical de los 80s y los 90s. La película,6.1,8,80,Musical
KorimDick,8.6,7,21,Musical
The Substance,7.3,303000,141,SCi-fi
Deadpool & Wolverine,7.6,495000,128,SCi-fi
Alien: Romulus,7.1,247000,119,SCi-fi
The Wild Robot,8.2,166000,102,SCi-fi
Dune: Part Two,8.5,628000,166,SCi-fi
Sonic the Hedgehog 3,6.9,61000,110,SCi-fi
The Life of Chuck,7.5,631,110,SCi-fi
The Shrouds,6.0,2000,120,SCi-fi
Venom: The Last Dance,6.0,120000,110,SCi-fi
The Assessment,6.7,4100,114,SCi-fi
Furiosa: A Mad Max Saga,7.5,286000,148,SCi-fi
Megalopolis,4.7,36000,138,SCi-fi
Subservience,5.4,28000,106,SCi-fi
Y2K,4.8,15000,91,SCi-fi
Elevation,5.6,22000,91,SCi-fi
Borderlands,4.7,49000,101,SCi-fi
Madame Web,4.0,101000,116,SCi-fi
Transformers One,7.6,51000,104,SCi-fi
Despicable Me 4,6.2,66000,94,SCi-fi
Die Alone,5.7,3300,90,SCi-fi
The Day the Earth Blew Up: A Looney Tunes Movie,7.0,4600,91,SCi-fi
Survive,4.5,2700,90,SCi-fi
Caddo Lake,6.8,43000,103,SCi-fi
A Quiet Place: Day One,6.3,151000,99,SCi-fi
Kingdom of the Planet of the Apes,6.9,152000,145,SCi-fi
It's What's Inside,6.6,43000,103,SCi-fi
Godzilla x Kong: The New Empire,6.0,122000,115,SCi-fi
Time Cut,5.0,19000,91,SCi-fi
Werewolves,4.4,6900,93,SCi-fi
Ghostbusters: Frozen Empire,6.1,94000,115,SCi-fi
Uglies,4.7,33000,100,SCi-fi
Arcadian,5.5,23000,92,SCi-fi
Spaceman,5.7,43000,107,SCi-fi
The End,5.5,2000,148,SCi-fi
Distant,5.7,3300,87,SCi-fi
Apocalypse Z: The Beginning of the End,6.1,20000,117,SCi-fi
Atlas,5.6,56000,118,SCi-fi
Rich Flu,5.2,6000,116,SCi-fi
40 Acres,6.9,168,113,SCi-fi
Wallace & Gromit: Vengeance Most Fowl,7.5,35000,82,SCi-fi
Tim Travers & the Time Travelers Paradox,6.8,285,95,SCi-fi
Kalki 2898 AD,7.0,67000,180,SCi-fi
Afraid,5.2,14000,84,SCi-fi
Slingshot,5.7,9700,108,SCi-fi
Rebel Moon - Part Two: The Scargiver,5.3,59000,122,SCi-fi
Omni Loop,5.6,3000,112,SCi-fi
Love Me,5.1,2600,91,SCi-fi
Watchmen: Chapter I,7.1,6700,83,SCi-fi
Drive Back,4.5,490,94,SCi-fi
Breathe,4.2,7300,93,SCi-fi
The Fix,4.6,1300,98,SCi-fi
Sting,5.7,16000,91,SCi-fi
My Hero Academia: You're Next,7.0,2300,110,SCi-fi
The Platform 2,4.9,40000,99,SCi-fi
Planet B,5.0,231,118,SCi-fi
V/H/S/Beyond,5.8,9500,114,SCi-fi
Can I Get a Witness,5.6,156,110,SCi-fi
Turn Me On,5.7,568,99,SCi-fi
Watchmen: Chapter II,7.0,3200,90,SCi-fi
Mars,7.9,23,84,SCi-fi
Things Will Be Different,5.2,2600,102,SCi-fi
Megamind vs. The Doom Syndicate,2.5,5600,83,SCi-fi
Badland Hunters,5.9,12000,107,SCi-fi
Year 10,5.4,1900,96,SCi-fi
The Bunker,4.3,283,92,SCi-fi
Teri Baaton Mein Aisa Uljha Jiya,6.2,54000,141,SCi-fi
Code 8: Part II,5.7,16000,100,SCi-fi
The Greatest Hits,6.2,7500,94,SCi-fi
Justice League: Crisis on Infinite Earths - Part One,6.2,8500,93,SCi-fi
Doraemon the Movie: Nobita's Earth Symphony,6.6,1500,115,SCi-fi
Levels,5.0,1600,93,SCi-fi
Justice League: Crisis on Infinite Earths - Part Three,6.1,4600,94,SCi-fi
The Thundermans Return,5.0,1900,70,SCi-fi
Ultraman: Rising,6.9,6400,117,SCi-fi
The Empire,5.2,1300,110,SCi-fi
City Hunter,6.3,5600,102,SCi-fi
Latency,4.2,2800,94,SCi-fi
Daniela Forever,6.2,226,113,SCi-fi
Parallel,5.3,2000,88,SCi-fi
Alienoid: The Return to the Future,6.5,2600,122,SCi-fi
South of Hope Street,6.1,1400,101,SCi-fi
Uranus 2324,6.4,4800,130,SCi-fi
U Are the Universe,7.7,321,90,SCi-fi
Bureau 749,4.0,548,123,SCi-fi
The Thinking Game,7.5,187,84,SCi-fi
Moon Maidens 2,3.7,41,69,SCi-fi
Reversi,7.2,224,135,SCi-fi
Ick,5.6,205,87,SCi-fi
Alien: Rubicon,2.4,350,86,SCi-fi
We're All Gonna Die,8.2,96,110,SCi-fi
Street Trash,4.5,883,85,SCi-fi
Wonderland,6.2,2300,113,SCi-fi
Agent Recon,2.4,686,85,SCi-fi
Justice League: Crisis on Infinite Earths - Part Two,5.5,5400,94,SCi-fi
The Invisibles,5.8,475,111,SCi-fi
Babezilla vs the Cyber Skanks: Rise of MechaBabezilla,5.0,109,55,SCi-fi
Baby Invasion,4.6,507,80,SCi-fi
Another End,6.4,767,129,SCi-fi
Unspeakable: Beyond the Wall of Sleep,6.1,55,90,SCi-fi
Last Night on Earth,4.7,371,86,SCi-fi
Alien Country,4.4,366,96,SCi-fi
Sentinel,2.6,770,90,SCi-fi
Black Eyed Susan,4.9,341,85,SCi-fi
Son's Will,7.4,889,148,SCi-fi
Timestalker,5.5,3000,89,SCi-fi
Cora,4.6,900,104,SCi-fi
Terminator: Skynet Rising,6.7,269,88,SCi-fi
Test Screening,6.9,67,92,SCi-fi
Previously Saved Version,5.5,429,117,SCi-fi
Futra Days,4.1,150,99,SCi-fi
The Silent Planet,4.8,248,95,SCi-fi
Boreal,4.2,65,82,SCi-fi
X Files,2.1,64,74,SCi-fi
Maid Droid Origins,3.0,326,96,SCi-fi
Trapped Inn,2.7,921,115,SCi-fi
Justicia artificial,5.6,481,98,SCi-fi
Arena Wars,4.9,2200,96,SCi-fi
Fight Another Day,4.9,364,97,SCi-fi
Else,6.0,246,102,SCi-fi
Clone Cops,6.0,238,96,SCi-fi
Desert Road,6.7,161,90,SCi-fi
Lesbian Space Princess,7.2,143,87,SCi-fi
Bade Miyan Chote Miyan,3.7,39000,163,SCi-fi
Unexposed,7.7,71,63,SCi-fi
War of the Worlds: Extinction,3.0,209,84,SCi-fi
Black,7.1,2800,115,SCi-fi
Balestra,5.1,530,145,SCi-fi
"Canadian, Sniper",3.4,359,83,SCi-fi
S.T.A.L.K.E.R.: Shadow of the Zone,5.2,479,72,SCi-fi
www.RachelOrmont.com,3.8,35,80,SCi-fi
Vampire Zombies... From Space!,7.6,95,98,SCi-fi
Escape from the 21st Century,6.5,912,98,SCi-fi
Big City Greens the Movie: Spacecation,6.2,547,83,SCi-fi
Mobile Suit Gundam SEED Freedom,6.6,959,124,SCi-fi
Somnium,8.5,46,92,SCi-fi
Bionic,4.3,1700,110,SCi-fi
Lumina,2.1,676,113,SCi-fi
The Last Ronin,4.9,582,115,SCi-fi
Gaami,6.4,2000,147,SCi-fi
Meanwhile on Earth,6.0,927,89,SCi-fi
Bloody Escape: Bats out of Hell,5.4,55,100,SCi-fi
Remnant,2.6,318,112,SCi-fi
Replicator,3.7,141,75,SCi-fi
Peripheral,8.9,24,88,SCi-fi
No Time to Spy: A Loud House Movie,6.4,459,81,SCi-fi
Ayalaan,6.0,4000,155,SCi-fi
Through the Door,3.9,85,70,SCi-fi
Sci-Fi Vixens from Beyond,4.0,48,74,SCi-fi
Guest from the Future,6.0,1200,141,SCi-fi
Andromeda: 1883,4.0,18,75,SCi-fi
Light,2.7,1300,93,SCi-fi
Mars Has Eyes,1.8,8,70,SCi-fi
Quadrant,4.3,142,73,SCi-fi
UI,6.8,5700,135,SCi-fi
Raduaa Returns,5.3,74,137,SCi-fi
Psychonaut,7.6,14,87,SCi-fi
The Phantom Warrior,2.4,555,119,SCi-fi
Ape X Mecha Ape: New World Order,2.9,138,87,SCi-fi
Saturn,7.5,30,100,SCi-fi
Mummy Shark,2.0,179,66,SCi-fi
Invasión,3.9,54,91,SCi-fi
Space Sharks,1.5,321,70,SCi-fi
Star Abyss,3.8,256,86,SCi-fi
Gaganachari,6.9,1100,115,SCi-fi
THEDÆMON,6.7,42,87,SCi-fi
Going Viral,6.9,53,90,SCi-fi
The Human Hibernation,6.1,71,90,SCi-fi
Blink,7.0,1500,136,SCi-fi
How to Solve Your Own Murder,6.0,72,99,SCi-fi
Boomerang,7.4,406,134,SCi-fi
Planetquake,3.0,310,85,SCi-fi
Space Command Redemption,4.5,154,122,SCi-fi
Tales Beyond the Galaxy,4.6,184,76,SCi-fi
Ghost Planet,4.8,275,85,SCi-fi
Staycation,7.0,109,94,SCi-fi
Anunnakiler,2.5,460,76,SCi-fi
Mutant,4.4,64,90,SCi-fi
The Epidemic,5.7,72,95,SCi-fi
Oculus,6.0,15,113,SCi-fi
Alien Weekend,5.3,159,95,SCi-fi
Infinite Summer,5.3,102,86,SCi-fi
UmroAyyar - A New Beginning,6.9,675,135,SCi-fi
ON i Ona,4.6,74,90,SCi-fi
Daha Iyi Bir Yarin,6.5,66,108,SCi-fi
In Vitro,6.4,133,89,SCi-fi
Good Neighbours,3.1,178,84,SCi-fi
To the Journey: Looking Back at Star Trek: Voyager,8.7,12,109,SCi-fi
Buddy,3.8,348,137,SCi-fi
Buying Time,6.3,454,84,SCi-fi
Aiden,2.5,126,74,SCi-fi
Bury Your Dead,5.4,80,128,SCi-fi
The Dugout,5.4,760,114,SCi-fi
Earthquake Underground,3.3,199,83,SCi-fi
Touchdown,6.8,14,78,SCi-fi
Jurassic Triangle,2.5,283,84,SCi-fi
Future Date,5.6,128,82,SCi-fi
J Loop,5.2,199,99,SCi-fi
Tacoma,3.4,180,103,SCi-fi
Red vs. Blue: Restoration,5.6,139,85,SCi-fi
Transient,6.5,378,96,SCi-fi
Night of the Skinwalkers,2.5,716,94,SCi-fi
Dark Fusion,8.5,236,90,SCi-fi
Dragon Ball Z Kai,8.5,73,82,SCi-fi
Tees,7.3,10,142,SCi-fi
Ogiva: O Mundo Não é Mais Nosso,6.1,135,80,SCi-fi
Addy Daddy,7.4,31,118,SCi-fi
Creep Encounters,5.7,67,90,SCi-fi
Neon Fear,5.8,563,40,SCi-fi
Lunacy,5.0,62,77,SCi-fi
Honshin,6.1,29,122,SCi-fi
Dead Dead Demon's Dededede Destruction,7.0,144,120,SCi-fi
The Strange Dark,8.7,42,84,SCi-fi
Transformers Prime: Galavatron's Revenge,3.5,11,104,SCi-fi
You Are Not Alone,6.2,71,105,SCi-fi
Double Ismart,2.9,2200,156,SCi-fi
Schirkoa: In Lies We Trust,5.6,158,103,SCi-fi
The Deadly Swarm,2.5,191,81,SCi-fi
Code Geass: Rozé of the Recapture: Part 2,7.8,28,76,SCi-fi
Fuuto PI: Portrait of Kamen Rider Skull,7.4,46,82,SCi-fi
Offworld: Alien Planet,3.5,112,92,SCi-fi
Quantum Suicide,6.5,19,87,SCi-fi
Biónica,6.9,16,82,SCi-fi
Spark,5.3,51,110,SCi-fi
Captain Avispa,5.8,179,96,SCi-fi
"Aire, Just Breathe",4.7,194,98,SCi-fi
The Trail,7.8,37,80,SCi-fi
Taklee Genesis x Worlds Collide,5.4,413,146,SCi-fi
Jon Vardar protiv Galaksijata,8.1,75,86,SCi-fi
Adresi Olmayan Ev,6.3,58,96,SCi-fi
Mame snova 17,5.5,182,108,SCi-fi
The Captives,3.5,66,73,SCi-fi
The Worlds Divide,8.1,39,120,SCi-fi
Miracle Mirrors,6.6,109,103,SCi-fi
Re:Human,5.8,40,108,SCi-fi
Lunar Lockdown,5.1,80,99,SCi-fi
C'est le monde à l'envers !,5.3,100,114,SCi-fi
Sith Wars: Episódio III - Fantasmas Dos Sith,8.6,115,99,SCi-fi
Guy Manley: Super Spy,4.4,119,92,SCi-fi
Agapouse ta louloudia perissotero,5.3,183,86,SCi-fi
Project Dorothy,3.9,3200,80,SCi-fi
The A-Frame,7.2,38,82,SCi-fi
Valensole 1965,9.0,15,90,SCi-fi
Weapon,5.4,5500,120,SCi-fi
Flashlight,4.2,11,77,SCi-fi
Gravediggers,6.4,31,91,SCi-fi
Permafrost,5.7,115,80,SCi-fi
Electric Child,6.5,69,118,SCi-fi
Arctic Hollow,2.3,181,70,SCi-fi
Sign Here,6.2,246,100,SCi-fi
Agrinai,8.0,66,93,SCi-fi
Alien Hunt,3.0,139,80,SCi-fi
Rahasyam Idham Jagath,7.5,49,153,SCi-fi
The Alien Report,4.6,151,81,SCi-fi
Room 0,3.1,213,102,SCi-fi
Kadaisi Ulaga Por,6.1,1200,140,SCi-fi
The Eye of the Salamander,7.9,21,81,SCi-fi
Indrani: Epic-1 Dharam vs Karam,7.6,1100,157,SCi-fi
Operation War Thunder,5.3,117,74,SCi-fi
Replika,5.2,44,125,SCi-fi
The Secret of Pin-Up Island,7.4,92,107,SCi-fi
Tobias and the Arcane Merchant,8.8,44,167,SCi-fi
Aftermath,5.2,4400,78,SCi-fi
They're Here,7.4,5,74,SCi-fi
SCP: The Infinite Mission,6.0,33,0,SCi-fi
Touch,8.0,11,63,SCi-fi
Isleen Pines,5.8,728,84,SCi-fi
Yesterday After Tomorrow,5.1,323,120,SCi-fi
Tokusou Sentai Dekaranger 20th: Fireball Booster,7.0,34,50,SCi-fi
It All Comes with the Cold Water,8.5,149,88,SCi-fi
Traces of Love,6.5,911,105,SCi-fi
Jurassic Exorcist,3.8,23,76,SCi-fi
Adam i Eva,5.1,94,95,SCi-fi
Soul Traveler (The Feature),4.2,23,96,SCi-fi
Franta mimozemstan,4.5,82,98,SCi-fi
The Choice,9.5,8,40,SCi-fi
Our Man in L.A.,3.8,124,71,SCi-fi
Abaddon's Pit,5.4,44,93,SCi-fi
Ascension,3.9,27,97,SCi-fi
Alien Love,5.3,54,75,SCi-fi
Heavens: The Boy and His Robot,6.3,22,98,SCi-fi
Pandasaurus,3.4,55,78,SCi-fi
Kuramerukagari,5.8,82,61,SCi-fi
Perspectiva,6.1,97,90,SCi-fi
O Melhor dos Mundos,6.2,43,70,SCi-fi
The Washer,7.5,9,90,SCi-fi
Wonderful Precure! The Movie! Doki Doki Game no Sekai de Daiboken,7.0,36,71,SCi-fi
Video Vision,5.9,20,78,SCi-fi
Quadrant: Noir Version,6.5,11,73,SCi-fi
Darshini,8.5,2100,120,SCi-fi
The Uncertainty Principle,8.0,11,89,SCi-fi
Piraty galaktiki Barrakuda,4.6,83,92,SCi-fi
Rani Rani Rani,6.8,24,97,SCi-fi
Mama,8.5,7,100,SCi-fi
Kade,6.7,16,92,SCi-fi
Dead Dead Demon's Dededede Destruction Zenpen,7.1,140,120,SCi-fi
Kohinoor,8.1,22,119,SCi-fi
Demons vs. Ghosts,8.2,5,92,SCi-fi
Waning Poetic,8.4,11,93,SCi-fi
Iron Nest of the Moon,7.6,13,70,SCi-fi
"The Girl, the Hunter & the Firefly",7.3,19,98,SCi-fi
Vstretimsya vchera,6.4,346,79,SCi-fi
Hidden Memories,5.9,31,84,SCi-fi
Mobile Suit Gundam: Silver Phantom,6.1,13,90,SCi-fi
Code Geass: Rozé of the Recapture - Part 1,7.6,42,74,SCi-fi
Iravin Kangal,8.2,172,116,SCi-fi
Zenith,6.0,29,74,SCi-fi
After Link,7.5,20,14,SCi-fi
Stock Shark,7.0,54,47,SCi-fi
Untied,8.0,29,104,SCi-fi
Milestone,7.7,17,88,SCi-fi
Max Beyond,6.6,17,93,SCi-fi
Friends of Sophia,5.6,16,25,SCi-fi
Day of the Clones,3.8,61,98,SCi-fi
What Lies Within,5.3,13,90,SCi-fi
Dead Talk Tales: Volume I,6.6,26,98,SCi-fi
Horse with No Name,7.8,14,72,SCi-fi
Trap,3.8,16,118,SCi-fi
I 20,9.0,494,114,SCi-fi
Adabana,6.4,7,118,SCi-fi
The Clashing Elements: Saviors of the Multiverse,7.2,9,91,SCi-fi
Brush of the God,6.4,14,74,SCi-fi
Best Cop Ever,4.3,49,122,SCi-fi
Something in the Dark,7.1,24,87,SCi-fi
Be Forever Yamato: Rebel 3199: Part 1: Dark Invasion,7.0,9,50,SCi-fi
Shi Ren Yu,2.6,9,71,SCi-fi
Tomorrow Is Another Dream,6.5,16,80,SCi-fi
Hinter dem Eisernen Horizont,7.3,15,88,SCi-fi
A Cápsula,7.0,6,92,SCi-fi
Prishelets,5.5,160,73,SCi-fi
Secret Within the Sphere,7.8,19,73,SCi-fi
Back to 2005,8.3,45,88,SCi-fi
He Has Gone Rogue - The Return of Cyrus,8.8,32,60,SCi-fi
Code Geass: Rozé of the Recapture: Part 3,7.4,25,76,SCi-fi
A Coffin of Stars,6.2,5,100,SCi-fi
Code Geass: Rozé of the Recapture: Part 4,6.6,15,70,SCi-fi
2015: Future Uncertain,6.9,17,72,SCi-fi
Transmedium: Fastmovers & USOs,6.6,34,113,SCi-fi
Tsena doveriya,5.6,28,83,SCi-fi
The Suit,4.3,6,90,SCi-fi
Isle: Alpha One,8.4,7,97,SCi-fi
Astra,6.8,8,80,SCi-fi
Through the Graves the Wind Is Blowing,7.1,70,80,SCi-fi
Aliens Uncovered: UFOs Over Arizona,8.4,16,116,SCi-fi
Mertsanie,5.6,18,92,SCi-fi
Zen Fist,7.2,8,45,SCi-fi
Morana,6.2,26,119,SCi-fi
Someone Dies!,6.7,13,86,SCi-fi
StarGazer: The Need of the Many,5.0,9,47,SCi-fi
Gut Instinct,6.4,9,84,SCi-fi
Kyle and the Last Emerald 2,8.4,8,15,SCi-fi
Gostya iz kosmosa,8.5,6,70,SCi-fi
The Burned Hand,8.0,12,85,SCi-fi
Captain Corpse,7.6,10,105,SCi-fi
The Winter Prophecy,7.9,13,52,SCi-fi
The Blinkless,7.8,12,59,SCi-fi
Alien Love: Deleted Scenes,7.8,11,7,SCi-fi
PW V: Tears of the Fallen,8.2,11,60,SCi-fi
Mufasa: The Lion King,6.6,66000,118,family
Flow,7.9,77000,85,family
Moana 2,6.6,104000,100,family
Sonic the Hedgehog 3,6.9,61000,110,family
Paddington in Peru,6.7,22000,106,family
Transformers One,7.6,51000,104,family
Inside Out 2,7.5,218000,96,family
Despicable Me 4,6.2,66000,94,family
The Day the Earth Blew Up: A Looney Tunes Movie,7.0,4600,91,family
How to Make Millions Before Grandma Dies,8.0,15000,125,family
IF,6.4,58000,104,family
Kung Fu Panda 4,6.3,69000,94,family
Descendants: The Rise of Red,4.7,7100,91,family
The Garfield Movie,5.7,24000,101,family
Young Hearts,8.0,4900,99,family
My Penguin Friend,6.8,5400,97,family
Harold and the Purple Crayon,5.7,8500,90,family
Wallace & Gromit: Vengeance Most Fowl,7.5,35000,82,family
Spellbound,5.5,7500,109,family
The Forge,6.7,5000,124,family
Véletlenül írtam egy könyvet,7.5,492,98,family
Piece by Piece,6.9,5500,93,family
Meiyazhagan,8.4,14000,177,family
Unsung Hero,7.0,5100,113,family
Hitpig,5.1,982,86,family
Orion and the Dark,6.3,17000,93,family
Megamind vs. The Doom Syndicate,2.5,5600,83,family
Bambi: A Tale of Life in the Woods,5.7,191,78,family
Woody Woodpecker Goes to Camp,4.5,2600,100,family
Thelma the Unicorn,5.7,3000,93,family
Doraemon the Movie: Nobita's Earth Symphony,6.6,1500,115,family
Faith of Angels,5.8,246,98,family
2nd Miracle in Cell No. 7,7.7,283,147,family
You Gotta Believe,5.8,1300,104,family
That Christmas,6.8,17000,91,family
The Thundermans Return,5.0,1900,70,family
Buffalo Kids,6.6,712,93,family
Crayon Shin-chan: Ora's Dinosaur Diary,6.4,376,106,family
Ultraman: Rising,6.9,6400,117,family
The Tiger's Apprentice,5.7,2200,84,family
Not Just a Goof,7.7,364,87,family
Big World,7.3,1300,131,family
Panda Plan,5.1,1300,99,family
Bibi Rajni,8.5,723,143,family
Saving Bikini Bottom: The Sandy Cheeks Movie,3.7,3900,82,family
A Carpenter's Prayer,6.3,107,91,family
A Brother and 7 Siblings,8.6,1200,129,family
10 Lives,5.9,1900,88,family
200% Wolf,5.9,1300,98,family
And the Breadwinner Is...,6.7,269,123,family
Cup,8.6,75,146,family
Average Joe,4.3,582,100,family
Man and Witch: The Dance of a Thousand Steps,5.5,335,94,family
Super-Charlie,5.8,135,80,family
Dalia y el Libro Rojo,6.5,100,107,family
Woodwalkers,5.3,456,103,family
Autumn and the Black Jaguar,5.6,1000,100,family
Believe in Christmas,6.1,831,90,family
Runt,6.4,537,91,family
Gharat Ganpati,7.8,505,139,family
My Oni Girl,6.0,1800,112,family
The Night Before Christmas in Wonderland,6.3,521,80,family
The Groomsmen: First Look,6.2,394,82,family
Rajakili,6.8,593,122,family
Chuck Billy and the Marvelous Guava Tree,7.4,1100,90,family
Robin and the Hoods,4.3,513,100,family
Ryan's World the Movie: Titan Universe Adventure,1.8,698,80,family
Rebellious,6.0,200,94,family
Big City Greens the Movie: Spacecation,6.2,547,83,family
A Sudden Case of Christmas,5.1,1100,91,family
Noah's Ark,4.3,671,96,family
A Sloth Story,5.6,210,90,family
Home Sweet Loan,8.1,966,112,family
Chicken Coop,5.9,89,98,family
Diplodocus,6.3,183,90,family
Disaster Holiday,4.8,714,93,family
Panda Bear in Africa,5.5,352,84,family
Der Buchspazierer,7.3,407,98,family
Fear,8.4,2800,115,family
No Time to Spy: A Loud House Movie,6.4,459,81,family
Rally Caps,5.6,140,100,family
Savages,6.8,348,87,family
Dongeng Sang Kancil,6.8,185,99,family
Return to Wickensburg,5.0,32,88,family
Guest from the Future,6.0,1200,141,family
School of Magical Animals 3,5.8,320,105,family
Paper Flowers,8.8,34,100,family
Dog Days,6.7,318,120,family
Like a Rolling Stone,7.7,465,106,family
Little Emma,6.0,116,106,family
The Neon Highway,6.0,493,113,family
The Proud Princess,6.5,120,84,family
Brewster's Millions: Christmas,5.6,191,100,family
Treasure Trackers,5.8,164,92,family
The Big Trip 3: Race Around the World,5.6,63,85,family
Marry Christmas,6.6,62,85,family
My Freaky Family,6.3,412,86,family
The Snow Sister,7.0,2100,96,family
A Nashville Wish,5.7,93,102,family
Kvitebjørn,6.0,67,85,family
"Die Heinzels: Neue Mützen, Neue Mission",6.4,94,76,family
Rajkumar,7.4,2700,145,family
Going Viral,6.9,53,90,family
The Land of Morning Calm,6.5,35,113,family
Ghost Cat Anzu,6.5,789,97,family
Gracie and Pedro: Pets to the Rescue,5.1,278,87,family
Ole Aale,8.7,409,142,family
G for Gap,7.1,565,103,family
Brother,6.2,2300,140,family
Ghudchadi,4.2,559,113,family
Si Juki the Movie: Harta Pulau Monyet,6.0,124,107,family
Domovyonok Kuzya,6.5,828,90,family
Living Large,7.0,133,80,family
Nanak Naam Jahaz Hai,9.9,13,140,family
"Maya, donne-moi un titre",6.4,55,61,family
Father There is Only One 4,5.2,623,90,family
The Adventures of Jurassic Pet: Return to the Wild,5.4,65,90,family
The Primrose Railway Children,5.0,144,81,family
Dance Rivals,6.0,71,93,family
The Casagrandes Movie,5.6,674,89,family
Hashtag Tadev lagnam,6.5,147,118,family
Juliette au printemps,6.4,265,95,family
Kattis Gang,5.6,419,144,family
Storm Crashers,6.2,568,88,family
Victoria må dø,5.9,366,85,family
Saint Nick of Bethlehem,9.2,101,93,family
The Lost Tiger,7.9,46,90,family
Grrr...,4.0,821,121,family
Elli and the Ghostly Ghost Train,5.1,104,86,family
Niko: Beyond the Northern Lights,6.2,339,86,family
Obraz,7.6,19,95,family
Singapore Saloon,6.0,1200,137,family
Heartsping : Teenieping of Love,7.0,25,0,family
Chitra,8.4,7,125,family
LasseMajas detektivbyrå - Maskoten som försvann,6.0,61,90,family
Mountain Boy,8.4,27,93,family
14 Days Love,6.9,11,112,family
Sabari,6.5,5400,129,family
Dedh Bigha Zameen,6.9,756,100,family
Zak & Wowo: The Legend of Lendarys,5.7,102,85,family
Bila Esok Ibu Tiada,6.7,331,104,family
Grüsse vom Mars,7.5,32,85,family
Magic Beach,5.5,58,80,family
SuperKlaus,4.3,204,88,family
Sunny,7.2,31,122,family
Børnene fra Sølvgade,7.6,99,102,family
Stinky Summer,5.6,51,90,family
Peppa's Cinema Party,4.9,155,65,family
Juf Braaksel en de Geniale Ontsnapping,4.1,56,83,family
Daaru Na Peenda Hove,7.6,2300,111,family
Babah,6.7,172,129,family
Letuchiy korabl,3.8,300,100,family
Kardes Takimi,3.5,558,95,family
Christmas Carole,4.2,97,93,family
Carol,8.3,48,115,family
The Legend of Catclaws Mountain,3.4,172,104,family
Superkrachten voor je hoofd,7.3,198,92,family
Mr. Santa: A Christmas Extravaganza,8.4,18,98,family
Bayramlik,4.8,52,114,family
Super papa,5.2,123,90,family
Skelly,5.4,93,85,family
Too Old for Fairy Tales 2,4.9,407,95,family
Luigi's Mansion,6.2,17,60,family
A Hero's Journey: The Making of Percy Jackson and the Olympians,7.4,251,50,family
Dikkie Dik 2: Een Nieuwe Vriend voor Dikkie Dik,7.4,72,70,family
Little Town,6.8,11,90,family
Thookudurai,4.3,2300,125,family
Krispy Rishtey,6.5,70,133,family
Nintama Rantaro Dokutake Ninja-tai Saikyou no Gunshi,7.1,22,90,family
"Akiko, der fliegende Affe",8.2,16,70,family
Daye: Seret ahl el Daye,7.9,18,104,family
Masha i Medved v kino: Park chudes,7.7,18,58,family
Aanandhapuram Diaries,7.0,2500,115,family
Captain Avispa,5.8,179,96,family
Yolki 11,4.7,172,92,family
De Bellinga's: Pretpark op stelten,3.1,128,70,family
Vishesham,6.7,1400,136,family
DeAr,5.1,1300,132,family
Baba Yaga spasaet Novyy god,4.4,118,99,family
Windcatcher,5.3,409,80,family
Haydi Tut Elimi,6.9,27,113,family
Dikkie Dik en de Verdwenen Knuffel,7.3,130,62,family
Sieger Sein,6.5,183,119,family
Chhota Bheem and the Curse of Damyaan,4.8,2300,145,family
Dear Family,6.7,62,116,family
Luv Ki Arrange Marriage,3.9,4500,135,family
Miracle Mile,8.8,29,82,family
Steal the Naughty List,6.3,124,90,family
For Prophet,5.5,105,105,family
Inanimate Insanity II: The Movie,8.5,235,106,family
Die Chaosschwestern und Pinguin Paul,5.7,69,100,family
Il migliore dei mali,7.7,7,90,family
Yaren Leylek,5.6,30,95,family
"Love, Sitara",5.3,300,105,family
Porch Pirates,5.0,104,107,family
Spirit of Friendship,4.3,75,85,family
Gowri,7.4,4100,130,family
The Lamb,6.8,35,85,family
Wedding Diaries,8.9,2000,121,family
"Robotia, the Movie",7.8,29,86,family
BeBe Winans' We Three Kings,6.9,129,90,family
Powder Pup,6.2,76,89,family
Little Red Sweet,5.9,18,92,family
Joy of Horses,5.9,170,90,family
Håkan Bråkan 2,5.4,137,92,family
Mees Kees op eigen benen,6.1,38,82,family
Uzhaipalar Thinam,4.3,7,122,family
Tri kota. Zimnie kanikuly,6.6,34,65,family
Amaltash,8.1,151,113,family
Vikaasaparva,8.7,542,134,family
Woof Woof Daddy,6.2,44,105,family
Vaar Tahevaar,8.0,281,127,family
Ducobu passe au vert!,4.0,131,90,family
The Secret of Pin-Up Island,7.4,92,107,family
Laggam,8.3,5100,130,family
Manyunya. Priklyucheniya v Moskve,5.8,111,87,family
Double Tuckerr,4.9,1200,120,family
The Hedgehog,6.6,676,104,family
Tri bogatyrya. Ni dnya bez podviga,5.7,70,61,family
The Magic Penguin,3.7,28,89,family
My Redneck Neighbor: Chapter 1 - The Rednecks Are Coming,5.7,9,74,family
Tartinijev kljuc,7.8,21,115,family
A Christmas Miracle,5.9,67,88,family
Semeynyy perepolokh,4.9,60,87,family
Mansarra,7.8,21,138,family
Baii Ga,4.3,63,134,family
Chithini,6.0,551,151,family
Our Church Thinks We're Dating,7.5,59,102,family
Bremenskie muzykanty,4.7,678,115,family
De Club van Sinterklaas Film: Het Grote Sneeuwavontuur,5.8,50,79,family
Oyunda Kal: Eglence Arenasi,2.6,37,92,family
Askepote,3.5,83,72,family
Petualangan Anak Penangkap Hantu,6.0,26,99,family
Manyunya. Priklyucheniya v derevne,5.8,122,84,family
Padmavyuham Lo Chakradhari,7.4,1700,110,family
"Merry Birthday, Happy Christmas",4.7,115,84,family
Ognivo,5.5,228,105,family
Ne odna doma,4.1,82,79,family
Igrisca ne damo!,7.1,28,79,family
Bob a Bobek ve filmu: Na stope Mrkvojeda,7.4,30,80,family
Pui Pui Molcar the Movie: Molmax,7.0,9,69,family
Heavens: The Boy and His Robot,6.3,22,98,family
"7 dney, 7 nochey",6.4,406,98,family
Scooped,5.2,45,84,family
Eine zweite Chance,8.6,45,91,family
Planet 7693,7.6,70,110,family
Awesomest Christmas Ever,7.0,22,78,family
Titip Surat Untuk Tuhan,6.5,43,81,family
Last Defenders of Monogamy,5.3,388,84,family
Paagal vs Kadhal,9.0,2100,111,family
Wonderful Precure! The Movie! Doki Doki Game no Sekai de Daiboken,7.0,36,71,family
Moy dikiy drug,6.5,59,100,family
Tarpana,9.8,16,138,family
Feather Christmas,5.3,121,94,family
Vozvrashchenie popugaya Keshi,4.2,62,93,family
Piraty galaktiki Barrakuda,4.6,83,92,family
Hope's Hollywood Christmas,8.9,28,90,family
Rocket Club: Across the Cosmos,8.4,19,68,family
Troy the Bharat Putra,5.5,32,134,family
Oti Uttam,5.2,204,137,family
Double Engine,5.6,115,106,family
Chitti - Potti,9.1,1700,150,family
Smotri na menya!,5.7,72,120,family
Nadanna Sambhavam,5.8,1400,120,family
Lek Asavi Tar Ashi,5.5,13,143,family
CBeebies Panto: Beauty and the Beast,7.8,16,73,family
A Holiday for Harmony,3.6,37,120,family
Nature Cat's Nature Movie Special Extraordinaire,7.3,19,53,family
Fanzo Movie,7.9,10,104,family
Max und die wilde 7: Die Geister-Oma,6.2,46,90,family
De Grote Sinterklaasfilm - Stampij in de bakkerij,3.0,76,75,family
Palayam PC,5.1,138,118,family
Iwájú: A Day Ahead,6.8,74,71,family
My Dear Donga,5.7,160,132,family
A House Without a Father,6.2,34,61,family
Day of the Diesels,7.7,10,100,family
Animal Tales of Christmas Magic,6.8,51,72,family
Once Upon a Christmas,6.8,13,115,family
Vasilisa i khraniteli vremeni,3.2,70,98,family
Uma & Haggen: Mitos,7.3,47,94,family
Tayna Chyornoy Ruki,5.7,23,84,family
Indonesia dari Timur,7.8,6,112,family
My Dad Is an Alien,8.0,19,96,family
LUDA,7.2,6,86,family
Gina,7.4,25,100,family
Klaantha,6.2,518,107,family
Perfekta: Uma Aventura da Escola de Gênios,5.6,18,92,family
Vovó Ninja,5.2,21,96,family
De Legende van Familie Vos,5.7,59,81,family
Give 'Em Hell Honey!,5.6,12,94,family
"Poymay sobaku, esli smozhesh",3.5,37,96,family
Al Eid Eiden,5.8,13,110,family
Give You a Candy,5.8,15,134,family
Udanadi Mangalyam,2.9,24,90,family
The Truth: The Journey Within,7.2,8,91,family
When the World Met Miss Probinsyana,9.4,45,155,family
Our Christmas House,5.5,46,77,family
Moyo sobache delo,5.5,46,77,family
Moy lyubimyy chempion,2.4,418,95,family
Malyshariki. Den rozhdeniya,5.8,28,52,family
Arne Alligator och djungelkompisarna,4.6,48,61,family
Princezna na hrásku,5.6,63,80,family
Wholesome Grove,7.0,8,99,family
Novyy god v Beryozovke,7.1,99,94,family
Mastaani,9.1,27,150,family
Novogodniy ekspress,8.5,7,47,family
Appa I Love You,8.7,543,145,family
Iyunskaya polyn,8.5,6,79,family
Iyus Jenius,9.0,8,82,family
Papu mame zaverni,3.7,69,106,family
Vindu Bhojanam,7.2,54,103,family
Príncipe Lu e a Lenda do Dragão,4.1,28,90,family
Odna doma. Velikolepnaya pyatyorka,4.1,39,85,family
Neposlushniki,4.9,96,108,family
SDL A Batalha Musical,7.3,42,102,family
V banyu!,5.2,73,99,family
Prinsessa Pikkiriikki,6.1,39,75,family
Santa's Chimney of Secrets,4.6,23,66,family
Idu Entha Lokavayya,6.6,7,120,family
A Game of Two Halves,7.3,24,100,family
YA - medved,5.0,61,97,family
Nebesko,5.2,10,73,family
A Christmas Reunion,4.9,11,64,family
Mezhdu nami,5.1,35,93,family
Person of the Year,5.8,11,100,family
Omar v bolshom kino,5.8,27,86,family
Kaagada,8.1,14,149,family
Kallu Compound 1995,8.0,2000,140,family
Mukhadrakon,5.3,18,109,family
"Heinähattu, Vilttitossu ja kana",4.9,60,77,family
Skazochnyy patrul. Shou prodolzhayetsya,7.2,11,65,family
Fien & Teun Circus op de Boerderij,5.6,11,77,family
Boom!,8.3,11,90,family
Suvorovets 1944,5.1,9,90,family
Kazhdyy mechtaet o sobake,5.2,33,90,family
Uparwala & Sons,9.2,322,126,family
Gabru Gang,8.7,214,123,family
The Christmas Room,6.4,52,99,family
Let's Go! Anpanman: Baikinman and Lulun,6.5,7,64,family
Pinnil Oral,6.0,113,127,family
Childhood Tales,7.4,22,63,family
Khelaghar Bandhte Legechi,8.0,7,100,family
Selebryata,3.8,20,93,family
Novogodnee chudo,5.5,14,73,family
Gyakorlat teszi a mestert,6.1,15,46,family
Haddhu Ledhu Raa,7.3,2000,112,family
Borjatri,8.4,6,72,family
Bitva pap,4.4,25,79,family
Korporatsiya Morozov,5.5,30,83,family
Mallemogga,9.0,11,132,family
Tui Ke Amar,6.6,6,114,family
Salamat Rahe Dostana Hamara (SRDH),9.3,87,60,family
Beyaz Zenciler: Yapim Asamasi,8.6,5,55,family
Tomari Sathe,8.0,8,54,family
Freaky Tales,6.3,4300,107,Crime
The Order,6.8,45000,116,Crime
Trap,5.8,140000,105,Crime
Longlegs,6.6,187000,101,Crime
Juror #2,7.0,99000,114,Crime
The Beekeeper,6.3,158000,105,Crime
MaXXXine,6.2,71000,103,Crime
Carry-On,6.5,167000,119,Crime
Wolfs,6.5,84000,108,Crime
Rebel Ridge,6.8,89000,131,Crime
Love Lies Bleeding,6.6,57000,104,Crime
Despicable Me 4,6.2,66000,94,Crime
Lucky Baskhar,8.0,32000,148,Crime
Bad Boys: Ride or Die,6.5,101000,115,Crime
Dead Mail,6.0,1400,106,Crime
Emilia Pérez,5.4,89000,132,Crime
The Crow,4.7,35000,111,Crime
Riff Raff,5.7,3200,103,Crime
Monkey Man,6.8,92000,121,Crime
The Girl with the Needle,7.5,14000,123,Crime
The Instigators,6.2,38000,101,Crime
Pushpa: The Rule - Part 2,6.1,57000,201,Crime
Absolution,5.2,8300,112,Crime
Greedy People,6.2,12000,112,Crime
The Silent Hour,6.1,7700,99,Crime
The Seed of the Sacred Fig,7.6,14000,167,Crime
Lift,5.5,49000,107,Crime
Maharaja,8.4,68000,141,Crime
Santosh,7.1,2100,128,Crime
Beverly Hills Cop: Axel F,6.4,82000,118,Crime
Trigger Warning,4.6,19000,106,Crime
Sleeping Dogs,6.2,22000,110,Crime
Armor,3.6,4200,89,Crime
Beating Hearts,7.0,5100,166,Crime
Twilight of the Warriors: Walled In,7.0,9700,126,Crime
Duchess,4.6,1400,114,Crime
Lake George,6.4,1300,118,Crime
Brothers,5.4,13000,89,Crime
Detained,4.9,1600,97,Crime
Misericordia,6.8,2200,104,Crime
Toofan,7.4,8300,145,Crime
Killer Heat,5.6,14000,95,Crime
The Shadow Strays,6.5,9300,144,Crime
Gatao: Like Father Like Son,5.8,157,100,Crime
Marco,6.8,22000,145,Crime
Long Gone Heroes,5.2,1100,101,Crime
Harbin,6.2,748,108,Crime
Blackwater Lane,4.6,2100,108,Crime
The Calendar Killer,5.5,4200,97,Crime
Force of Nature: The Dry 2,5.8,7200,120,Crime
Barron's Cove,8.3,36,116,Crime
The Thicket,5.8,3200,108,Crime
Inside,7.1,244,104,Crime
How to Make a Killing,6.5,893,109,Crime
Damaged,4.7,7300,97,Crime
Colors of Evil: Red,6.4,8500,111,Crime
Hitpig,5.1,982,86,Crime
Depravity,4.3,1000,117,Crime
My Fault,4.2,7000,120,Crime
Megamind vs. The Doom Syndicate,2.5,5600,83,Crime
Badland Hunters,5.9,12000,107,Crime
Baby John,5.2,17000,159,Crime
Dead Sea,5.2,5400,88,Crime
Sector 36,7.1,25000,123,Crime
Boneyard,4.1,5100,96,Crime
Code 8: Part II,5.7,16000,100,Crime
5lbs of Pressure,5.2,1600,111,Crime
"I, the Executioner",6.3,1800,118,Crime
Jigra,6.0,24000,153,Crime
Reputation,9.1,10,83,Crime
Do Patti,6.4,69000,126,Crime
Boundless,5.6,2000,121,Crime
Thalavan,7.2,4800,131,Crime
Officer Black Belt,6.8,8400,108,Crime
The Shameless,5.8,231,114,Crime
The Soul Eater,5.9,2700,108,Crime
The Kingdom,6.9,842,112,Crime
Singham Again,4.7,75000,144,Crime
El Jockey,6.4,1700,96,Crime
Marmalade,6.3,3700,99,Crime
The Courier,6.0,4500,101,Crime
The Notorious Finster,4.2,127,113,Crime
The Thundermans Return,5.0,1900,70,Crime
A Place Called Silence,6.4,1300,119,Crime
Little Jaffna,7.2,101,100,Crime
Sikandar Ka Muqaddar,6.0,24000,142,Crime
King Ivory,7.1,69,130,Crime
The Quiet Ones,6.3,720,110,Crime
Viduthalai Part 2,7.8,16000,170,Crime
Trouble,6.2,6900,98,Crime
Maharaj,6.5,15000,131,Crime
Faultline,5.6,114,92,Crime
Maldoror,7.0,660,155,Crime
City Hunter,6.3,5600,102,Crime
Laws of Man,5.5,1300,98,Crime
Strictly Confidential,2.8,857,94,Crime
Crescent City,3.9,1400,103,Crime
Bougainvillea,6.4,3200,138,Crime
Bogota: City of the Lost,5.4,2000,108,Crime
Pani,6.9,3100,143,Crime
Ride,5.9,401,114,Crime
Case of Kondana,5.8,692,143,Crime
The Clean Up Crew,4.2,1200,95,Crime
The Roundup: Punishment,6.6,5400,109,Crime
Lover Stalker Killer,7.0,13000,90,Crime
Two to One,6.1,750,116,Crime
Cult Killer,4.8,2800,105,Crime
Saripodhaa Sanivaaram,7.0,9200,166,Crime
Compulsion,6.6,15,94,Crime
Justice,6.3,3900,113,Crime
Hunt the Wicked,5.3,118,102,Crime
The Trainer,7.1,56,95,Crime
Anweshippin Kandethum,7.4,10000,142,Crime
Risky Business,6.7,151,107,Crime
Hijack 1971,6.8,3300,100,Crime
Papa,7.5,333,131,Crime
What Jennifer Did,6.1,11000,87,Crime
Drugstore June,5.4,1700,91,Crime
Darkness of Man,4.7,3200,109,Crime
Vettaiyan,7.0,40000,163,Crime
Here Now,4.9,437,118,Crime
Bhakshak,7.2,7200,134,Crime
Revolver,5.4,882,114,Crime
Guns & Moses,8.2,47,94,Crime
Midnight Taxi,5.3,103,97,Crime
Last Known Location,6.1,1400,110,Crime
Jönssonligan kommer tillbaka,5.9,1500,104,Crime
The Hostage,6.0,11,87,Crime
Bangkok Dog,4.8,219,85,Crime
In Her Place,6.2,1500,96,Crime
Mission: Cross,6.1,2600,105,Crime
The Sabarmati Report,6.4,24000,127,Crime
How to Rob a Bank,6.6,4200,88,Crime
Bermondsey Tales: Fall of the Roman Empire,4.3,196,99,Crime
Kahar: Kapla High Council,6.9,471,102,Crime
Havnaa,7.2,257,110,Crime
Golam,7.2,5700,120,Crime
Ulajh,6.0,24000,150,Crime
Sicilian Letters,6.1,767,122,Crime
Scorched Earth,6.7,560,101,Crime
Dead Wrong,3.8,262,104,Crime
Kingsmen,6.3,48,72,Crime
Bloodline Killer,4.0,4700,105,Crime
Freedom,5.9,1400,110,Crime
First Shift,4.5,2000,89,Crime
Untamed Royals,4.6,643,99,Crime
Amish Affair,5.5,203,86,Crime
Wanted Man,4.8,2600,85,Crime
The Lockdown,4.4,618,117,Crime
Sorgavaasal,6.6,1400,138,Crime
Broken Rage,6.1,1500,62,Crime
Bangkok Breaking: Heaven and Hell,5.8,682,146,Crime
Rats!,6.5,139,85,Crime
Ferry 2,5.6,3800,94,Crime
Jailbreak: Love on the Run,6.4,3300,88,Crime
Taxali Gate,6.6,124,95,Crime
Strangers,4.3,397,106,Crime
Savi,6.1,35000,126,Crime
Mr. Bachchan,3.6,5300,150,Crime
Shoutai,6.9,593,120,Crime
Nice Girls,4.2,1200,92,Crime
Raayan,6.5,11000,145,Crime
Le Mohican,7.0,163,87,Crime
Biggest Heist Ever,6.1,1500,85,Crime
GTMax,5.0,1300,100,Crime
Double or Nothing,8.7,14,96,Crime
Best Man Dead Man,8.3,27,83,Crime
Sous écrous,5.5,81,111,Crime
Loverboy: Emoties Uit,6.4,531,98,Crime
Auron Mein Kahan Dum Tha,6.5,41000,150,Crime
The Smile Man,7.5,1600,122,Crime
Sheriff,6.9,1100,133,Crime
Hellhound,4.3,507,103,Crime
Untold: The Murder of Air McNair,5.6,2100,57,Crime
Abraham Ozler,6.5,4200,143,Crime
Tillu Square,6.6,3400,137,Crime
The Park Maniac,4.8,1600,103,Crime
In Youth We Trust,6.7,456,132,Crime
Peg O' My Heart,6.2,139,97,Crime
Serpent's Path,5.8,291,112,Crime
Phir Aayi Hasseen Dillruba,5.8,6800,132,Crime
The Truth vs. Alex Jones,7.5,3000,121,Crime
The Waterboyz,7.8,88,89,Crime
She's Got No Name,7.0,51,150,Crime
Døde menn går på ski,5.2,320,89,Crime
Belle,5.8,66,100,Crime
Dirty Money,5.6,148,100,Crime
Roadkill,3.7,688,90,Crime
Troll Factory,5.9,477,109,Crime
Io e te dobbiamo parlare,4.2,274,95,Crime
Svemu dodje kraj,6.4,341,89,Crime
Visfot,5.7,1200,130,Crime
The Worst Man in London,5.7,146,127,Crime
Citizen of a Kind,6.7,842,114,Crime
The Pee Pee Poo Poo Man,8.1,27,79,Crime
To a Land Unknown,7.3,514,105,Crime
Nahir,4.7,1100,122,Crime
Rautu Ka Raaz,6.3,2000,114,Crime
They Called Him Mostly Harmless,5.9,3200,89,Crime
Baby Assassins: Nice Days,7.2,317,103,Crime
Dirty Ice Cream,4.4,124,47,Crime
The Plot,4.8,386,100,Crime
The Birds Who Fear Death,9.2,73,102,Crime
Don't Love,7.7,1500,177,Crime
A Gangster's Kiss,4.7,47,81,Crime
Drive,5.6,342,90,Crime
10 Days of a Curious Man,5.7,1300,110,Crime
Saindhav,5.1,1600,138,Crime
The Girl Who Wore Yellow Lace,4.5,22,82,Crime
Nunakuzhi,6.8,3000,125,Crime
Siren,6.4,2900,154,Crime
Prasanna Vadanam,6.6,571,146,Crime
"MoviePass, MovieCrash",6.7,2800,96,Crime
The Moon Thieves,6.0,260,108,Crime
The Actor,3.4,735,128,Crime
Crisis Negotiators,6.6,725,120,Crime
Lady Scorpions,3.6,369,101,Crime
Gumasthan,5.8,527,145,Crime
Octopus with Broken Arms,6.1,282,109,Crime
Real Estate Sisters,4.2,29,84,Crime
Gangs of Godavari,5.0,911,165,Crime
Anand Sreebala,6.6,2400,134,Crime
Suspicion,3.6,212,115,Crime
Harom Hara,6.6,3100,154,Crime
The Infallibles,4.8,763,99,Crime
Nirangal Moondru,6.1,542,122,Crime
Kaulayaw,4.1,168,95,Crime
Fyre Rises,6.4,324,110,Crime
Sayara,5.7,280,98,Crime
ChiefsAholic: A Wolf in Chiefs Clothing,6.3,380,121,Crime
Conquer: Lahad Datu,6.6,526,120,Crime
Scopophobia,5.7,58,100,Crime
Quotation Gang Part 1,9.0,23,118,Crime
Go for Broke,5.7,276,115,Crime
Dhakshina,5.4,5200,107,Crime
DNA,5.1,212,156,Crime
What Happens in Miami,4.3,220,90,Crime
The Final: Attack on Wembley,6.3,2500,82,Crime
Love You to Debt,6.3,763,135,Crime
Chris Brown: A History of Violence,5.4,321,82,Crime
Andhagan,6.6,1200,142,Crime
Nefarious,7.2,58,85,Crime
The Victims,5.8,87,99,Crime
Estômago II: O Poderoso Chef,5.8,331,131,Crime
Ghost Killer,7.0,79,105,Crime
Bhaje Vaayu Vegam,6.1,764,136,Crime
Vina: Before 7 Days,5.4,597,100,Crime
Murder and Cocktails,3.9,364,88,Crime
Desperado,6.0,145,100,Crime
Dengeler,5.2,226,123,Crime
Diddy: Summit to Plummet,2.3,209,60,Crime
Unspoken,8.2,46,120,Crime
The Kingdom,7.9,96,133,Crime
The Seven Sorrows of Mary,6.6,35,98,Crime
Sons of Rizk 3,6.7,1700,125,Crime
They Turned Us Into Killers,2.7,258,86,Crime
Killer Babes,3.5,288,94,Crime
Plastic Guns,6.3,629,95,Crime
High Forces,5.7,539,119,Crime
Where Is Gilgamesh?,9.0,613,90,Crime
The Epidemic,5.7,72,95,Crime
The Heist,6.9,2000,120,Crime
Bars,5.5,24,135,Crime
Green Bones,7.7,195,96,Crime
No Cap,5.6,39,108,Crime
"LSD 2: Love, Sex Aur Dhokha 2",3.8,2800,119,Crime
The Mick and the Trick,4.9,77,96,Crime
9 Windows,3.7,316,82,Crime
Silence 2: The Night Owl Bar Shootout,6.2,1900,142,Crime
Formed Police Unit,4.5,480,120,Crime
Guess Who,4.8,370,93,Crime
Priyo Maloti,6.8,195,119,Crime
Sentimentaaal,5.3,981,135,Crime
Dandupalayam,5.5,1200,137,Crime
Mathu Vadalara 2,7.0,1700,139,Crime
Second Life,6.7,53,105,Crime
Red,4.6,99,114,Crime
Rakshana,5.4,1200,139,Crime
Satyabhama,5.9,1600,132,Crime
Suspect,4.5,84,94,Crime
Samandar,7.7,140,172,Crime
Sattam En Kaiyil,8.0,2300,124,Crime
Jersey Bred,4.4,72,92,Crime
Silver Star,7.1,16,102,Crime
Killerwood,7.2,32,84,Crime
Mirza: Part 1 - Joker,6.8,241,165,Crime
Cookster: The Darkest Days,8.3,41,119,Crime
Cry of Silence,6.2,73,116,Crime
Passages of Nexus,5.6,274,108,Crime
Buenas noches,6.7,12,91,Crime
Bheema,5.8,956,148,Crime
The Shadow,6.5,267,90,Crime
Midas,4.6,341,85,Crime
"Hemet, or the Landlady Don't Drink Tea",4.3,89,89,Crime
Danger in the Dorm,5.1,154,86,Crime
Borderless Fog,5.2,1300,110,Crime
Dead Man,5.1,209,109,Crime
Raja Rani,9.3,101,134,Crime
Shakhahaari,7.5,1300,145,Crime
Piano Love,5.8,15,96,Crime
Ballistic,2.2,162,95,Crime
Zebra,7.2,3200,164,Crime
Young Lion of the West,5.2,108,93,Crime
Blackia 2,6.0,126,132,Crime
Bond of Justice: Kizuna Part I - Encounter,6.2,18,92,Crime
Routa,6.5,31,127,Crime
Final Heist,4.4,153,83,Crime
The Star City Murders,4.2,143,79,Crime
Reloaded 2,7.7,1200,45,Crime
Pattaya Heat,5.6,224,117,Crime
"Rajagunj: Pooja, Sir",6.3,740,115,Crime
Kondal,5.3,782,147,Crime
Filthy Animals,7.2,92,96,Crime
Hit List,5.5,313,125,Crime
Krista,5.7,52,58,Crime
Texas Twister,2.5,159,88,Crime
Valley of the Shadow of Death,5.1,16,84,Crime
Una ballena,6.1,77,108,Crime
Matka,4.7,590,156,Crime
Tòkunbò,3.9,297,113,Crime
Blood and Black,7.4,1100,88,Crime
The Experts,6.1,285,121,Crime
Bastar: The Naxal Story,6.4,3300,124,Crime
Rob N Roll,6.1,1500,98,Crime
Oppa,8.5,47,84,Crime
Angry Squad: Civil Servants & Seven Swindlers,7.5,59,120,Crime
RTI,5.9,26,130,Crime
Hovering Blade,6.1,238,107,Crime
The Texas Cheerleader Murder Plot,5.0,297,100,Crime
Beneath the Fold,7.2,29,80,Crime
Prepare to Die,4.6,237,93,Crime
Red Night at Skye's,7.0,10,82,Crime
Hustlers Take All,5.5,82,106,Crime
Give Me a Ride,5.0,16,102,Crime
A Brothers Bond,5.0,47,103,Crime
Swing Bout,8.7,176,90,Crime
S.I.T,6.7,2300,110,Crime
The Desperate Chase,5.6,63,110,Crime
Miséria,5.4,103,99,Crime
Cursed in Baja,6.8,26,80,Crime
Silvio,3.0,518,114,Crime
Gde nashi dengi?,5.4,83,76,Crime
Mudo Kannu,6.6,2100,100,Crime
Shu Si Yi Bo,6.7,35,91,Crime
RapeD,7.0,28,105,Crime
Kaliyugam Pattanamlo,6.6,2200,150,Crime
Unknown Caller,7.0,29,63,Crime
Thirumbipaar,6.0,240,101,Crime
Maloney - Die ersten drei haarsträubenden Fälle,6.7,77,98,Crime
Kurukku,6.6,534,109,Crime
Dark Deceptions,6.2,36,82,Crime
Shivam Bhaje,7.8,3000,121,Crime
Wannabe,4.6,127,102,Crime
Vojna policajtov,6.5,340,150,Crime
Poslednji strelac,5.4,262,90,Crime
Metamorfosi dell'essere,7.1,85,105,Crime
Rebel,3.2,66,100,Crime
Road to Terzetto,7.2,36,96,Crime
Bodiless,5.7,1000,90,Crime
Yalakunni,8.8,167,135,Crime
Nico,8.4,47,109,Crime
Vares X,3.7,124,85,Crime
(Pri)sons,5.0,279,100,Crime
The Shakedown,5.0,309,104,Crime
Operation Raavan,7.7,1200,147,Crime
Bozji gnjev,7.2,59,111,Crime
PT Sir,6.8,1700,130,Crime
Gam Gam Ganesha,5.3,312,140,Crime
First Rites,7.0,5,114,Crime
Lolipop Gang,3.6,8,90,Crime
Pathological: The Lies of Joran van der Sloot,6.5,349,93,Crime
Kiyma: Orman Kanunlari,4.3,39,81,Crime
Oru Nodi,6.7,504,128,Crime
Who Killed Terrance Brown?,7.2,8,95,Crime
Kiss of the Con Queen,7.3,29,117,Crime
Un homme en fuite,5.4,161,106,Crime
Accident or Conspiracy: Godhra,7.4,784,133,Crime
One Last Time,7.0,15,82,Crime
Dickweed,7.1,37,90,Crime
Housekeeping,6.0,41,98,Crime
Martingale,5.4,105,103,Crime
The Hole Story,7.4,5,87,Crime
Chor Dil,7.4,38,135,Crime
Porch Pirates,5.0,104,107,Crime
Breaking the Silence: The Maria Soledad Case,6.4,524,95,Crime
Dark World,4.9,15,135,Crime
Illusions for Sale: The Rise and Fall of Generation Zoe,6.2,648,107,Crime
Plea,6.9,24,88,Crime
The Unwavering Brotherhood,5.3,82,94,Crime
Uninvited,6.4,81,93,Crime
Protein,6.4,65,100,Crime
Murder in a Teacup,6.3,150,93,Crime
Marine Drive,9.5,50,105,Crime
Overdose,9.0,54,135,Crime
Remember Us,6.2,40,96,Crime
Money No Enough 3,6.0,264,138,Crime
Bury Him,7.4,13,88,Crime
The Donor,9.0,9,23,Crime
State of Silence,6.5,110,80,Crime
Dream Team,5.2,61,91,Crime
Cravings,1.7,11,155,Crime
The Murder of Sandra Rivett,6.3,146,90,Crime
Bunny & Clive,2.4,26,76,Crime
Vrutos,8.4,9,100,Crime
Nastupit leto,6.2,41,94,Crime
Chacaleria,8.1,420,116,Crime
Sinful Lies,6.9,8,65,Crime
Chameleon,5.8,31,133,Crime
The Bodyguard,6.6,31,87,Crime
Castillo,8.1,33,128,Crime
G - 21 scener från Gottsunda,6.9,186,80,Crime
Meitantei Conan Bâsasu Kaitô Kiddo,6.1,164,81,Crime
Holiday Hold-Up,5.6,69,89,Crime
Vivekam,8.2,309,104,Crime
Secret Home,8.3,148,117,Crime
Raavsaheb,8.5,8,138,Crime
Kingdom Reign,8.4,38,119,Crime
Hain,2.9,45,95,Crime
Kala Ratri,6.8,15,122,Crime
Con Queens,6.2,19,80,Crime
Chitram Choodara,4.6,15,127,Crime
Blue Christmas,5.6,21,79,Crime
Wieczór kawalerski,4.8,437,85,Crime
Cafe 404,7.4,41,93,Crime
Opportunity,8.9,91,96,Crime
"Milk, Rice, and the Blood",8.9,56,45,Crime
Whatever It Takes,8.3,14,93,Crime
Shadows of Betrayal: Chronicles of Ian Blair,7.4,13,65,Crime
Maven,9.4,44,135,Crime
Chithini,6.0,551,151,Crime
Kokuhaku Confession,5.6,151,74,Crime
Raktaksha,8.1,1400,118,Crime
Black Girl Fatal,8.8,7,122,Crime
Gossip to Die For,5.2,83,94,Crime
Blood Dried Hands,5.6,38,115,Crime
Lipstick,6.4,28,145,Crime
The Legend of the Vagabond Queen of Lagos,7.8,37,100,Crime
Thankamani,4.6,229,156,Crime
Landkrimi: Steirergift,6.4,70,90,Crime
Jaspal,7.5,30,106,Crime
CHAAW: Chapter 3 - Christmas Time Is Here,7.9,476,72,Crime
Jog 101,6.6,497,107,Crime
Paarijathaparvam,6.2,2300,133,Crime
The Good Loan Sharks,5.0,75,122,Crime
Yevam,5.8,1500,123,Crime
Dream Lock,8.6,22,100,Crime
Nasha Jurm Aur Gangsters,6.6,2600,137,Crime
Passagrana,6.4,132,100,Crime
Muroi Shinji: Yaburezaru Mono,7.7,8,115,Crime
Brattt,4.7,67,117,Crime
Abudeka Is Back,5.3,36,120,Crime
Gold Boy,6.5,136,129,Crime
The Bitter Sugar,6.8,9,92,Crime
Welcome to the Game,5.9,64,90,Crime
Niyathi,6.8,172,113,Crime
Grey Games,8.8,1100,121,Crime
The Housewife and the Hustler 2: The Reckoning,6.5,44,94,Crime
The Stix,7.2,34,123,Crime
Charlotte Link - Ohne Schuld,5.5,41,89,Crime
Anyone Else But Me,7.0,153,95,Crime
Laandhar,4.1,97,117,Crime
"Bullets, Brothers and Blood",7.8,15,85,Crime
Tiger Wolf Rabbit,6.2,508,126,Crime
Nietzsche's Umbrella,8.7,21,86,Crime
Tiempo de Pagar,7.4,49,63,Crime
Orah,7.1,21,95,Crime
Valleyheart,8.8,37,98,Crime
Walk the Line,5.5,94,115,Crime
Muzhskoe slovo,6.5,462,94,Crime
Pepe,5.0,493,126,Crime
Searching for Amani,7.9,32,80,Crime
Scapegoat,7.0,22,85,Crime
Tschugger - Der Lätscht Fall,8.1,165,147,Crime
Sharma & Ambani,9.1,184,104,Crime
Supplier Shankara,9.3,71,163,Crime
Game Over,5.7,20,74,Crime
Rhino Man,8.8,42,96,Crime
Lesní vrah,4.1,79,78,Crime
Lorry Chapter-1,5.7,2400,183,Crime
Die Bloedhonde,6.3,10,97,Crime
Water Mafia,9.2,13,45,Crime
Rancor,7.0,34,83,Crime
Aranam,7.6,403,127,Crime
Common Creed: Trafficking,5.4,10,106,Crime
Thozhar Che Guevara,5.1,37,120,Crime
The Dealer,8.3,12,120,Crime
Vergüenza,6.9,24,103,Crime
The Bottom Line,6.5,12,107,Crime
Mukhya Gamanika,8.5,2100,125,Crime
Common Sense,2.5,20,68,Crime
Villain - Life of a Gangster,8.9,157,141,Crime
4N6,9.6,62,117,Crime
Dead Name,9.0,11,84,Crime
Who Killed Angel Adams?,6.5,25,76,Crime
Haunting Trophies,7.7,67,150,Crime
Theppa Samudram,7.4,1600,133,Crime
Abduction Chronicles,8.4,37,126,Crime
La mort viendra,6.0,42,101,Crime
A Place Under the Sun,9.2,35,110,Crime
La Tamalera,8.2,9,115,Crime
Pungut,6.9,12,100,Crime
"Fallen Leaves, Broken Lighters",7.8,8,96,Crime
Aaro,4.5,13,120,Crime
ONENESS,9.4,20,115,Crime
Below the Rim,5.0,16,89,Crime
Lipstick on the Glass,4.6,12,116,Crime
What Lies Within,5.3,13,90,Crime
Koresha,2.9,64,86,Crime
Uno Sir,6.4,44,106,Crime
Abnormal: Buas,5.6,26,90,Crime
Salvajes,5.6,60,90,Crime
Nelma Kodama: The Queen of Dirty Money,5.5,187,94,Crime
Three Old Boys,4.8,97,108,Crime
Insurance Jimmy,6.5,149,110,Crime
The Real Story of January 6: Part 2 - The Long Road Home,6.2,29,90,Crime
Vallavan Vaguthadhada,6.5,56,104,Crime
A Frozen Rage,5.4,49,115,Crime
Guxim,7.5,35,75,Crime
Ingu Mirugangal Vaazhum Idam,6.2,14,108,Crime
5D,8.2,578,129,Crime
Ugravatara,7.9,552,122,Crime
Hocus Focus,7.9,20,85,Crime
7vens Law,9.4,20,68,Crime
Historias invisibles,6.4,27,110,Crime
Myall Creek Day of Justice,6.4,17,78,Crime
Jama,6.3,16,71,Crime
Bigul,9.3,46,144,Crime
The Kills,8.8,9,70,Crime
Beauty Grace Malice,7.6,45,81,Crime
Los Justos,6.4,74,79,Crime
SMB-plush presents trick or death,8.8,16,120,Crime
Dheera Samrat,9.8,99,123,Crime
Gally Gang Stars,9.0,2000,157,Crime
Atlanta 10.02,5.3,14,45,Crime
Shina,7.5,7,98,Crime
Slapes,6.8,31,82,Crime
Break War,2.4,15,86,Crime
Leha,2.3,42,98,Crime
Jalandhara,9.2,546,110,Crime
The AI Dharma Story,1.8,1100,89,Crime
Deal at the Border,7.6,9,104,Crime
Yathabhava,8.3,29,127,Crime
AK47,7.2,15,146,Crime
The London Underground Killer,4.7,92,91,Crime
Spending Some Time Together,6.9,28,146,Crime
Siragan,7.0,152,130,Crime
Thirsty for Likes,4.0,38,46,Crime
Pink Butterfly,5.6,56,109,Crime
Crime Reel,7.5,141,111,Crime
No Loose Ends,6.7,9,68,Crime
Above the Trees,6.5,14,125,Crime
Mun Kaupunki,6.6,22,105,Crime
Little Black Submarines,6.9,58,123,Crime
Vengeful,6.1,18,100,Crime
The Deal,8.6,27,130,Crime
Kunstroof,7.0,43,102,Crime
Diari de la meva sextorsió,6.5,53,64,Crime
Agontuk,5.5,23,125,Crime
Kenda,8.9,21,135,Crime
El Junior Del Patron,7.4,10,92,Crime
Novyy god v Beryozovke,7.1,99,94,Crime
Po du xing dong,6.8,5,79,Crime
A Valentine's Day,8.4,9,126,Crime
Untouchable,4.5,88,112,Crime
My Home Hero the Movie,6.1,8,117,Crime
Jimmy's Friends,7.0,11,94,Crime
Blitz,7.3,9,6,Crime
Snowstorm,4.5,6,91,Crime
Who Do You Trust?,3.6,40,96,Crime
Malam Pertobatan,6.8,12,81,Crime
Der Wien-Krimi: Blind ermittelt - Tod im Palais,6.9,30,88,Crime
Dai jia fa de ren,5.4,59,121,Crime
Liebling Kreuzberg 2.0,5.1,50,89,Crime
Gull Lake Vice II: The Delusion Continues,8.3,17,58,Crime
Killcon,9.5,14,31,Crime
Bayamariya Brammai,8.8,25,88,Crime
Las Hermanas Del Cartel,8.2,5,91,Crime
Shades of Sapphire,7.8,9,77,Crime
"Compa, me gusta su vieja",5.7,22,86,Crime
Namak,4.5,13,75,Crime
Runnin' from Wolves,7.2,10,133,Crime
Conviction,7.0,36,97,Crime
El Cartel De Teresa,8.0,9,96,Crime
Netru Indha Neram,5.5,136,140,Crime
Sangharshana,7.3,1600,102,Crime
Downfall of the Crypto King (theatrical feature),6.2,28,90,Crime
A Reel Heist,5.2,58,116,Crime
Los Hijos De Camelia y Emilio,6.5,30,82,Crime
Full Clip for a Snitch,3.6,19,75,Crime
Pinnil Oral,6.0,113,127,Crime
Dawgz Life,8.2,12,143,Crime
Nacida Para Vengar,8.0,9,102,Crime
Lealtad o Morir,8.2,9,87,Crime
Beautifully Broken People,8.9,9,75,Crime
Randa Ramphal,8.5,8,70,Crime
Detroit Ransom,6.8,11,76,Crime
Yaa Devi Sarva Bhuteshu,8.8,9,119,Crime
Duelo De Capos,6.4,30,83,Crime
All Suspects,3.6,19,96,Crime
El Juego Del Poder,7.8,10,95,Crime
Mina and the Radio Bandits,7.3,44,110,Crime
Rangeli,9.4,93,140,Crime
Yurka,4.0,30,85,Crime
The Burned Hand,8.0,12,85,Crime
Ata Nirjon Duporiya,8.0,10,103,Crime
So It Goes,3.3,19,77,Crime
La Nueva Camelia,5.8,19,95,Crime
Cageling,5.9,8,69,Crime
Nosferatu,7.2,197000,132,Fantasy
Wicked,7.5,160000,160,Fantasy
Mufasa: The Lion King,6.6,66000,118,Fantasy
Flow,7.9,77000,85,Fantasy
Moana 2,6.6,104000,100,Fantasy
Sonic the Hedgehog 3,6.9,61000,110,Fantasy
Parthenope,6.6,12000,137,Fantasy
The Life of Chuck,7.5,631,110,Fantasy
Megalopolis,4.7,36000,138,Fantasy
Better Man,7.6,28000,135,Fantasy
Beetlejuice Beetlejuice,6.6,148000,105,Fantasy
Transformers One,7.6,51000,104,Fantasy
Inside Out 2,7.5,218000,96,Fantasy
IF,6.4,58000,104,Fantasy
The Lord of the Rings: The War of the Rohirrim,6.3,31000,134,Fantasy
The Crow,4.7,35000,111,Fantasy
Red One,6.3,140000,123,Fantasy
The Watchers,5.7,57000,102,Fantasy
Godzilla x Kong: The New Empire,6.0,122000,115,Fantasy
Damsel,6.1,110000,110,Fantasy
Ghostbusters: Frozen Empire,6.1,94000,115,Fantasy
Kung Fu Panda 4,6.3,69000,94,Fantasy
Uglies,4.7,33000,100,Fantasy
Solo Leveling: ReAwakening,8.8,13000,121,Fantasy
The End,5.5,2000,148,Fantasy
Descendants: The Rise of Red,4.7,7100,91,Fantasy
The Garfield Movie,5.7,24000,101,Fantasy
Harold and the Purple Crayon,5.7,8500,90,Fantasy
Spellbound,5.5,7500,109,Fantasy
Tim Travers & the Time Travelers Paradox,6.8,285,95,Fantasy
Kalki 2898 AD,7.0,67000,180,Fantasy
Girl Haunts Boy,6.3,3100,100,Fantasy
Rebel Moon - Part Two: The Scargiver,5.3,59000,122,Fantasy
The Balconettes,6.0,1100,104,Fantasy
The Wonderful Story of Henry Sugar and Three More,7.1,7000,88,Fantasy
Monster Summer,5.7,3800,97,Fantasy
The Tearsmith,5.2,12000,103,Fantasy
Un cuento de pescadores,6.5,85,103,Fantasy
Orion and the Dark,6.3,17000,93,Fantasy
Family Pack,5.5,9200,94,Fantasy
The Best Christmas Pageant Ever,6.8,6200,99,Fantasy
Mars,7.9,23,84,Fantasy
Dear Santa,5.4,19000,107,Fantasy
Pedro Páramo,6.3,3000,130,Fantasy
Woody Woodpecker Goes to Camp,4.5,2600,100,Fantasy
The American Society of Magical Negroes,3.7,12000,104,Fantasy
Irish Wish,5.2,22000,93,Fantasy
Thelma the Unicorn,5.7,3000,93,Fantasy
Justice League: Crisis on Infinite Earths - Part One,6.2,8500,93,Fantasy
Doraemon the Movie: Nobita's Earth Symphony,6.6,1500,115,Fantasy
Overlord: The Sacred Kingdom,6.9,1200,135,Fantasy
This Is Me... Now,4.1,7200,65,Fantasy
That Christmas,6.8,17000,91,Fantasy
Hagen,6.0,1300,139,Fantasy
Hot Frosty,5.3,15000,92,Fantasy
Justice League: Crisis on Infinite Earths - Part Three,6.1,4600,94,Fantasy
The Thundermans Return,5.0,1900,70,Fantasy
Sketch,8.2,56,92,Fantasy
Demon Slayer: Kimetsu No Yaiba - To the Hashira Training,7.1,8600,104,Fantasy
Buffalo Kids,6.6,712,93,Fantasy
Bhool Bhulaiyaa 3,4.6,78000,158,Fantasy
Ultraman: Rising,6.9,6400,117,Fantasy
Dan Da Dan: First Encounter,8.2,2800,83,Fantasy
The Tiger's Apprentice,5.7,2200,84,Fantasy
Dragonkeeper,5.7,1700,98,Fantasy
Kanguva,4.5,15000,152,Fantasy
Alienoid: The Return to the Future,6.5,2600,122,Fantasy
Cinderella's Revenge,3.7,1100,85,Fantasy
Saving Bikini Bottom: The Sandy Cheeks Movie,3.7,3900,82,Fantasy
Cinderella's Curse,3.3,1300,82,Fantasy
Hanu Man,7.7,29000,158,Fantasy
Justice League: Crisis on Infinite Earths - Part Two,5.5,5400,94,Fantasy
The Invisibles,5.8,475,111,Fantasy
Unspeakable: Beyond the Wall of Sleep,6.1,55,90,Fantasy
Seven Cemeteries,4.6,629,84,Fantasy
Thangalaan,6.6,6700,156,Fantasy
10 Lives,5.9,1900,88,Fantasy
The Sand Castle,4.7,1700,98,Fantasy
Harry Potter and the Stone,7.8,170,152,Fantasy
Cells at Work!,6.7,282,109,Fantasy
The Opera!,6.4,104,106,Fantasy
200% Wolf,5.9,1300,98,Fantasy
The Ballad of Hortensia,6.7,138,94,Fantasy
Angels Fallen: Warriors of Peace,4.9,5800,103,Fantasy
Timestalker,5.5,3000,89,Fantasy
A.R.M,7.1,8800,150,Fantasy
Man and Witch: The Dance of a Thousand Steps,5.5,335,94,Fantasy
Super-Charlie,5.8,135,80,Fantasy
Dalia y el Libro Rojo,6.5,100,107,Fantasy
Woodwalkers,5.3,456,103,Fantasy
Devil's Knight,5.3,914,90,Fantasy
Mononoke the Movie: The Phantom in the Rain,6.8,1300,89,Fantasy
¿Quién es quién?,5.4,195,95,Fantasy
A Dog's Will 2,6.2,3000,104,Fantasy
My Oni Girl,6.0,1800,112,Fantasy
Else,6.0,246,102,Fantasy
Chantal in Fairyland,4.6,2700,118,Fantasy
My Future You,8.4,58,109,Fantasy
The Night Before Christmas in Wonderland,6.3,521,80,Fantasy
Lesbian Space Princess,7.2,143,87,Fantasy
The Sleeping Woman,5.2,573,110,Fantasy
Robin and the Hoods,4.3,513,100,Fantasy
Ryan's World the Movie: Titan Universe Adventure,1.8,698,80,Fantasy
Nonostante,6.1,169,93,Fantasy
Balestra,5.1,530,145,Fantasy
Rebellious,6.0,200,94,Fantasy
Big City Greens the Movie: Spacecation,6.2,547,83,Fantasy
The Keepers of the 5 Kingdoms,4.0,222,109,Fantasy
Oshi no Ko: The Final Act,6.6,139,129,Fantasy
The Witch: Revenge,5.3,832,100,Fantasy
Diplodocus,6.3,183,90,Fantasy
Gaami,6.4,2000,147,Fantasy
Panda Bear in Africa,5.5,352,84,Fantasy
Vincent,7.1,54,92,Fantasy
Mayan,8.7,132,113,Fantasy
Dongeng Sang Kancil,6.8,185,99,Fantasy
"Love, Danielle",8.8,42,79,Fantasy
School of Magical Animals 3,5.8,320,105,Fantasy
Seven Seas Seven Hills,8.7,91,90,Fantasy
The Proud Princess,6.5,120,84,Fantasy
White Snake: Afloat,6.9,488,133,Fantasy
Hanami,6.7,103,96,Fantasy
Witch,4.9,1400,107,Fantasy
The Phantom Warrior,2.4,555,119,Fantasy
"Die Heinzels: Neue Mützen, Neue Mission",6.4,94,76,Fantasy
Into the Mortal World,6.8,157,118,Fantasy
The Fisherman,7.2,44,105,Fantasy
Witch Hunter,5.3,24,80,Fantasy
Ghost Cat Anzu,6.5,789,97,Fantasy
The Yin Yang Master Zero,5.7,276,112,Fantasy
Si Juki the Movie: Harta Pulau Monyet,6.0,124,107,Fantasy
Domovyonok Kuzya,6.5,828,90,Fantasy
King Baby,7.0,26,88,Fantasy
"Maya, donne-moi un titre",6.4,55,61,Fantasy
Barroz: Guardian of Treasures,3.5,1000,155,Fantasy
The Casagrandes Movie,5.6,674,89,Fantasy
STEVE (A Minecraft Movie),6.9,12,61,Fantasy
Assassin's Guild,2.9,125,103,Fantasy
Vidente por Acidente,4.9,75,93,Fantasy
Warchief,2.5,610,94,Fantasy
The Evil Fairy Queen,5.3,53,90,Fantasy
The Slave and the Sorcerer,6.7,41,86,Fantasy
The Epidemic,5.7,72,95,Fantasy
The Lost Tiger,7.9,46,90,Fantasy
Ebenezer: The Traveler,3.5,145,102,Fantasy
Schneewittchen,4.7,9,70,Fantasy
UmroAyyar - A New Beginning,6.9,675,135,Fantasy
Shrek 5: The Contract - A Fan Made Film,7.0,19,84,Fantasy
Elli and the Ghostly Ghost Train,5.1,104,86,Fantasy
The Sisters,4.7,154,122,Fantasy
Niko: Beyond the Northern Lights,6.2,339,86,Fantasy
Heartsping : Teenieping of Love,7.0,25,0,Fantasy
Nyctophobia,7.5,1800,90,Fantasy
The Traveller,5.2,210,134,Fantasy
We Work for the Dead,6.6,511,84,Fantasy
The Time Travel Hills,5.0,76,82,Fantasy
Fureru,6.2,36,107,Fantasy
Intercambiadas,6.3,60,97,Fantasy
Princesa Adormecida,3.9,169,80,Fantasy
Zak & Wowo: The Legend of Lendarys,5.7,102,85,Fantasy
Mother Maker Lover Taker,5.9,34,99,Fantasy
Enchanting Christmas,6.3,357,91,Fantasy
SuperKlaus,4.3,204,88,Fantasy
A Trip Elsewhere,5.6,107,93,Fantasy
Rita,5.8,275,107,Fantasy
Two Breaths,8.1,33,18,Fantasy
All In,5.6,86,103,Fantasy
Saint Young Men: Holy Men vs Demon Army,3.0,14,93,Fantasy
Letuchiy korabl,3.8,300,100,Fantasy
Carol,8.3,48,115,Fantasy
"Don't Cry, Butterfly",6.4,120,97,Fantasy
Hold Me Close,7.3,15,98,Fantasy
The Seductress from Hell,6.7,18,102,Fantasy
Last Song for You,7.3,100,106,Fantasy
Sureshinteyum Sumalathayudeyum Hridayahariyaya Pranayakatha,6.0,85,138,Fantasy
Videotheque,6.2,102,112,Fantasy
Dragon Ball Z Kai,8.5,73,82,Fantasy
Malaikottai Vaaliban,6.0,4200,156,Fantasy
Pechi,5.5,1500,110,Fantasy
Una ballena,6.1,77,108,Fantasy
Spirit World,5.8,60,94,Fantasy
Dead Dead Demon's Dededede Destruction,7.0,144,120,Fantasy
The Gesuidouz,6.8,59,93,Fantasy
The Vord,3.4,66,101,Fantasy
A Song from the Dark,4.8,2200,105,Fantasy
Vertical,5.3,135,111,Fantasy
Empire Queen: The Golden Age of Magic,3.2,204,148,Fantasy
Schirkoa: In Lies We Trust,5.6,158,103,Fantasy
Letters at Christmas,3.7,173,84,Fantasy
Perdiendo el Juicio,7.5,21,90,Fantasy
Naag Bhoomi,5.7,8,130,Fantasy
Fuuto PI: Portrait of Kamen Rider Skull,7.4,46,82,Fantasy
Don Dukun,7.1,54,98,Fantasy
Maya Puthagam,5.4,424,122,Fantasy
Captain Avispa,5.8,179,96,Fantasy
The Woods Are Real,2.4,460,80,Fantasy
Spirit Riser,6.7,33,98,Fantasy
Baba Yaga spasaet Novyy god,4.4,118,99,Fantasy
The Worlds Divide,8.1,39,120,Fantasy
Chhota Bheem and the Curse of Damyaan,4.8,2300,145,Fantasy
Apollon by Day Athena by Night,6.7,42,112,Fantasy
Sith Wars: Episódio III - Fantasmas Dos Sith,8.6,115,99,Fantasy
The Jester from Transylvania,4.8,37,102,Fantasy
Joachim and the Apocalypse,7.2,13,90,Fantasy
Universal Groove,5.5,172,74,Fantasy
Princess Halle and the Jester,4.7,63,71,Fantasy
Fights Break Sphere 3,4.7,9,81,Fantasy
God with Three Eyes,6.1,14,112,Fantasy
Hakkenden,5.9,78,149,Fantasy
Bhairadevi,8.7,51,134,Fantasy
Kajolrekha,6.3,177,156,Fantasy
River of Ghosts,3.0,306,102,Fantasy
Wedding Diaries,8.9,2000,121,Fantasy
Snake Skin Beauty,4.1,19,83,Fantasy
The Heartsmith,9.6,43,95,Fantasy
Bodegón con fantasmas,6.5,161,88,Fantasy
Vampire Genesis,4.4,36,105,Fantasy
Maxxie LaWow: Drag Super-shero,8.8,60,114,Fantasy
The Eye of the Salamander,7.9,21,81,Fantasy
Woof Woof Daddy,6.2,44,105,Fantasy
Respati,5.8,297,112,Fantasy
The Secret of Pin-Up Island,7.4,92,107,Fantasy
The Journey of Flower,3.9,26,97,Fantasy
Ienai Himitsu,6.8,67,115,Fantasy
Double Tuckerr,4.9,1200,120,Fantasy
Mephisto,5.4,62,108,Fantasy
Dr. Sander's Sleep Cure,6.9,860,98,Fantasy
Tri bogatyrya. Ni dnya bez podviga,5.7,70,61,Fantasy
White Cobra Diamond Fox vs the Golden Eye,5.0,25,90,Fantasy
Loch Ness Monster Captured,3.3,32,45,Fantasy
The Beads,6.6,13,100,Fantasy
Blue Christmas,5.6,21,79,Fantasy
Tokusou Sentai Dekaranger 20th: Fireball Booster,7.0,34,50,Fantasy
Traces of Love,6.5,911,105,Fantasy
The Old Man and the Demon Sword,7.6,36,63,Fantasy
Nueva Tierra,7.7,32,123,Fantasy
The Supernatural Sweet Shop: The Movie,6.9,19,103,Fantasy
Witches of God,7.6,16,73,Fantasy
The Umbrella Fairy,5.5,57,95,Fantasy
10/31 Part 4,5.6,17,87,Fantasy
Nie Xiaoqian,6.2,17,112,Fantasy
Cedric & Alysia,5.2,52,84,Fantasy
Ooru Peru Bhairavakona,5.7,1800,133,Fantasy
Ella,9.2,66,91,Fantasy
Bremenskie muzykanty,4.7,678,115,Fantasy
Bloodspawn,5.7,12,76,Fantasy
Domovoy,4.3,290,102,Fantasy
Soul Traveler (The Feature),4.2,23,96,Fantasy
Askepote,3.5,83,72,Fantasy
Turma da Mônica Jovem: Reflexos do Medo,2.8,258,88,Fantasy
Silent Storms,5.7,21,84,Fantasy
Ognivo,5.5,228,105,Fantasy
Samaya bolshaya luna,2.4,129,105,Fantasy
Sunce nikad vise,7.0,25,72,Fantasy
Yao Shen Ling,6.7,66,93,Fantasy
Hiçbir Sey Normal Degil,5.8,77,71,Fantasy
Bob a Bobek ve filmu: Na stope Mrkvojeda,7.4,30,80,Fantasy
IZLIYORLAR,7.2,30,113,Fantasy
Spin the Wheel,6.0,87,102,Fantasy
Sun and Moon,5.0,5,163,Fantasy
Planet 7693,7.6,70,110,Fantasy
Advent,7.5,6,119,Fantasy
Fragments of Us,7.8,11,49,Fantasy
The Formula for Water,4.5,32,86,Fantasy
Wonderful Precure! The Movie! Doki Doki Game no Sekai de Daiboken,7.0,36,71,Fantasy
Aalan,5.5,1100,137,Fantasy
Apokrif,8.7,21,64,Fantasy
Chyortov kamen,4.7,17,105,Fantasy
Dead Dead Demon's Dededede Destruction Zenpen,7.1,140,120,Fantasy
Sharma & Ambani,9.1,184,104,Fantasy
Penguin Girl,6.9,14,98,Fantasy
Wanderer,7.0,9,46,Fantasy
Iron Nest of the Moon,7.6,13,70,Fantasy
Nature Cat's Nature Movie Special Extraordinaire,7.3,19,53,Fantasy
"The Girl, the Hunter & the Firefly",7.3,19,98,Fantasy
Sahmeran Efsanesi-Tulhan,6.0,34,0,Fantasy
Code Duello: From the Tithebanner Saga,8.9,339,61,Fantasy
Fidil Ghorm,7.8,7,86,Fantasy
River Returns,6.8,17,109,Fantasy
Couple in the Woods,5.6,31,65,Fantasy
Salomé,6.7,7,115,Fantasy
JAPA,7.7,16,110,Fantasy
"Fallen Leaves, Broken Lighters",7.8,8,96,Fantasy
And Through the Portal We Go,6.8,11,83,Fantasy
Vasilisa i khraniteli vremeni,3.2,70,98,Fantasy
Lilla spöket Laban spökar igen,6.1,28,44,Fantasy
Fenómenos naturales,7.2,30,80,Fantasy
Bicho Monstro,8.0,5,75,Fantasy
Dracu Ra,5.6,39,106,Fantasy
Achilles Curse and the Curse of Treasure,7.4,25,125,Fantasy
Supersiostry,3.9,135,90,Fantasy
LUDA,7.2,6,86,Fantasy
Gato Galactico e o Feitiço do Tempo,7.7,69,85,Fantasy
UnichtoZhanna,3.3,51,98,Fantasy
Horse with No Name,7.8,14,72,Fantasy
Pushpaka Vimanam,5.6,16,137,Fantasy
Painted Skin,6.9,53,80,Fantasy
Brush of the God,6.4,14,74,Fantasy
Wonderland,6.8,12,120,Fantasy
Velký Pán,7.0,9,73,Fantasy
Darker Than Night,4.7,24,82,Fantasy
Princezna na hrásku,5.6,63,80,Fantasy
Mortadella,8.4,7,90,Fantasy
Krapiva: Tsvetok smerti,6.1,56,81,Fantasy
Santa's Chimney of Secrets,4.6,23,66,Fantasy
Demon Host,6.4,20,80,Fantasy
Nebesko,5.2,10,73,Fantasy
Skazochnyy patrul. Shou prodolzhayetsya,7.2,11,65,Fantasy
Black Dragon,3.9,9,99,Fantasy
The Legend of the Cat Demon,4.8,12,85,Fantasy
Keo=peul-ji-ok,5.3,7,94,Fantasy
Let's Go! Anpanman: Baikinman and Lulun,6.5,7,64,Fantasy
Xiao zi,3.5,12,101,Fantasy
"Bryson, the Demon Slayer",4.5,12,59,Fantasy
I Am Moon,8.0,9,127,Fantasy
Tara - The Lost Star,9.6,11,90,Fantasy
Kyle and the Last Emerald 2,8.4,8,15,Fantasy
Young doctor's notes,3.5,6,86,Fantasy
Lucid Love,8.6,31,71,Fantasy
Kyle and the Last Emerald,5.5,18,20,Fantasy
The Blinkless,7.8,12,59,Fantasy
Kan dao ling hun de na zhi yan shi gong,3.3,12,124,Fantasy
Cageling,5.9,8,69,Fantasy
